actor,movie_or_TV_name
Kristen Bell,Frozen
Kristen Bell,Frozen II
Kristen Bell,Bad Moms
Kristen Bell,Frozen Fever
Kristen Bell,Forgetting Sarah Marshall
Kristen Bell,The Good Place
Kristen Bell,You Again
Kristen Bell,Veronica Mars
Seth Morris,Step Brothers
Seth Morris,No Strings Attached
Seth Morris,The Dictator
Seth Morris,"I Love You, Man"
Seth Morris,Cedar Rapids
Seth Morris,Get a Job
Seth Morris,The Campaign
Seth Morris,Miss March
Ajay Mehta,Spider-Man
Ajay Mehta,G.I. Joe: Retaliation
Ajay Mehta,Trainwreck
Ajay Mehta,Serendipity
Ajay Mehta,Superhero Movie
Ajay Mehta,68 Kill
Ajay Mehta,Too Big to Fail
Ajay Mehta,Law & Order: Special Victims Unit
Anna Khaja,Yes Man
Anna Khaja,King of California
Anna Khaja,The Boys
Anna Khaja,Post Grad
Anna Khaja,Meadowland
Anna Khaja,Brooklyn Nine-Nine
Anna Khaja,House
Anna Khaja,Order of Chaos
Adam Scott,Krampus
Adam Scott,The Secret Life of Walter Mitty
Adam Scott,Little Evil
Adam Scott,Step Brothers
Adam Scott,Severance
Adam Scott,Friends with Kids
Adam Scott,The Aviator
Adam Scott,Monster-in-Law
Amy Okuda,How to Get Away with Murder
Amy Okuda,Atypical
Amy Okuda,The Wedding Ringer
Amy Okuda,"Hello, My Name Is Doris"
Amy Okuda,Home Sweet Home Alone
Amy Okuda,Bound to Vengeance
Amy Okuda,The Guild
Amy Okuda,Chastity Bites
Luke Guldan,Dirty Sexy Saint
Luke Guldan,The Watermen
Luke Guldan,Gossip Girl
Luke Guldan,The Good Place
Luke Guldan,Blue Bloods
Luke Guldan,Rockaway
Luke Guldan,Logan Lee & the Rise of the Purple Dawn
Luke Guldan,Tell Me a Story
Steve Berg,Tag
Steve Berg,Skinwalker Ranch
Steve Berg,Don't Worry Darling
Steve Berg,Win It All
Steve Berg,Digging for Fire
Steve Berg,Gentlemen Broncos
Steve Berg,Unicorn City
Steve Berg,When Jeff Tried to Save the World
Rebecca Hazlewood,Equals
Rebecca Hazlewood,Outsourced
Rebecca Hazlewood,Lost Transmissions
Rebecca Hazlewood,Lost
Rebecca Hazlewood,Teacher in a Box
Rebecca Hazlewood,The Good Place
Rebecca Hazlewood,White Collar
Rebecca Hazlewood,ER
Eugene Cordero,Kong: Skull Island
Eugene Cordero,Mike and Dave Need Wedding Dates
Eugene Cordero,Ghostbusters
Eugene Cordero,The Mule
Eugene Cordero,The Kings of Summer
Eugene Cordero,Furry Vengeance
Eugene Cordero,The High Note
Eugene Cordero,Star Trek: Lower Decks
Joe Mande,The Disaster Artist
Joe Mande,The Interview
Joe Mande,Joe Mande's Award-Winning Comedy Special
Joe Mande,Brooklyn Nine-Nine
Joe Mande,The Good Place
Joe Mande,Yeti: A Love Story
Joe Mande,Modern Family
Joe Mande,Parks and Recreation
Benjamin Koldyke,The Finest Hours
Benjamin Koldyke,Stuck on You
Benjamin Koldyke,Thirteen Days
Benjamin Koldyke,Back in the Game
Benjamin Koldyke,Mr. Robinson
Benjamin Koldyke,How I Met Your Mother
Benjamin Koldyke,Work It
Benjamin Koldyke,The Good Place
Maribeth Monroe,Jumanji: Welcome to the Jungle
Maribeth Monroe,Downsizing
Maribeth Monroe,Keeping Up with the Joneses
Maribeth Monroe,The Back-Up Plan
Maribeth Monroe,Workaholics
Maribeth Monroe,The Brink
Maribeth Monroe,The Big Bang Theory
Maribeth Monroe,Bob Hearts Abishola
Jama Williamson,School of Rock
Jama Williamson,Brooklyn Nine-Nine
Jama Williamson,The Mentalist
Jama Williamson,Hollywood Heights
Jama Williamson,9-1-1
Jama Williamson,The Good Place
Jama Williamson,I Am Potential
Jama Williamson,NCIS
Brandon Scott Jones,Isn't It Romantic
Brandon Scott Jones,Can You Ever Forgive Me?
Brandon Scott Jones,Senior Year
Brandon Scott Jones,Don't Think Twice
Brandon Scott Jones,Ghosts
Brandon Scott Jones,Other People
Brandon Scott Jones,The Good Place
Brandon Scott Jones,"Thank You, Del: The Story of the Del Close Marathon"
Bambadjan Bamba,Suicide Squad
Bambadjan Bamba,Black Panther
Bambadjan Bamba,Contagion
Bambadjan Bamba,Reality
Bambadjan Bamba,Beginners
Bambadjan Bamba,Amend: The Fight for America
Bambadjan Bamba,I Think I Love My Wife
Bambadjan Bamba,A Futile and Stupid Gesture
Matt Murray,Brooklyn Nine-Nine
Matt Murray,Community
Matt Murray,Parks and Recreation
Matt Murray,The Good Place
Matt Murray,Saturday Night Live
Matt Murray,A Parks and Recreation Special
Kate Gersten,Razortooth
Kassia Miller,The Good Place
Kassia Miller,The Afterparty
Kassia Miller,Pitch Perfect: Bumper in Berlin
Demi Adejuyigbe,Between Two Ferns: The Movie
Demi Adejuyigbe,Gilmore Girls: A Year in the Life
Demi Adejuyigbe,Men
Demi Adejuyigbe,Funeral Rehearsal
Demi Adejuyigbe,Closing Time
Daniel Schofield,The Good Place
Daniel Schofield,A.P. Bio
Daniel Schofield,Speed Racer: The Next Generation
Daniel Schofield,Little Big Awesome
Cord Jefferson,The Good Place
Cord Jefferson,Watchmen
Cord Jefferson,Master of None
John W. Cook II,Scrubs
John W. Cook II,The Good Place
John W. Cook II,Space Force
John W. Cook II,Deadwood: The Movie
John W. Cook II,Law & Order: Organized Crime
John W. Cook II,A Parks and Recreation Special
Jason Tregoe Newman,El Camino: A Breaking Bad Movie
Jason Tregoe Newman,Better Call Saul
Jason Tregoe Newman,Community
Jason Tregoe Newman,The Good Place
Jason Tregoe Newman,The Voyeurs
Jason Tregoe Newman,Space Force
Jason Tregoe Newman,Unbelievable
Jason Tregoe Newman,Calls
David Hyman,The Good Place
David Hyman,Popstar: Never Stop Never Stopping
David Hyman,Moxie
David Hyman,Wine Country
David Hyman,Silk Road
David Hyman,A Parks and Recreation Special
David Hyman,You People
Caleb Duffy,Ocean's Eleven
Caleb Duffy,Westworld
Caleb Duffy,Erin Brockovich
Caleb Duffy,The Good Place
Caleb Duffy,Behind the Candelabra
Caleb Duffy,Gigli
Caleb Duffy,Crush
Drew Goddard,The Martian
Drew Goddard,World War Z
Drew Goddard,The Cabin in the Woods
Drew Goddard,Cloverfield
Drew Goddard,Marvel's Daredevil
Drew Goddard,Lost
Drew Goddard,Bad Times at the El Royale
Drew Goddard,Buffy the Vampire Slayer
David Miner,Brooklyn Nine-Nine
David Miner,Parks and Recreation
David Miner,The Good Place
David Miner,30 Rock
David Miner,Master of None
David Miner,John Mulaney: The Comeback Kid
David Miner,John Mulaney: Kid Gorgeous at Radio City
David Miner,The Onion Movie
Doug Smith,The Good Place
Doug Smith,Wine Country
Doug Smith,A Parks and Recreation Special
Dylan Morgan,The Good Place
Dylan Morgan,Monk
Dylan Morgan,30 Rock
Dylan Morgan,Unbreakable Kimmy Schmidt
Dylan Morgan,Kickin' It Old Skool
Allison Jones,Lady Bird
Allison Jones,Sing
Allison Jones,Scott Pilgrim vs. the World
Allison Jones,Superbad
Allison Jones,The 40 Year Old Virgin
Allison Jones,Ghostbusters
Allison Jones,The Dictator
Allison Jones,Paul
Frank Sackett,The Good Place
Frank Sackett,Black Monday
Frank Sackett,A Parks and Recreation Special
Tim Durr,Jeepers Creepers 2
Tim Durr,The Good Place
Tim Durr,The Deep End
Tim Durr,Real Women Have Curves
Louis DiCesare,Zathura: A Space Adventure
Louis DiCesare,She's Out of My League
Louis DiCesare,Dinner for Schmucks
Louis DiCesare,Jeepers Creepers 2
Louis DiCesare,The Five-Year Engagement
Louis DiCesare,The Good Place
Louis DiCesare,All the Way
Louis DiCesare,Maniac Cop 2
Corwin A. Bibb,Man on Fire
Corwin A. Bibb,L.A. Confidential
Corwin A. Bibb,Zathura: A Space Adventure
Corwin A. Bibb,Dinner for Schmucks
Corwin A. Bibb,Jeepers Creepers 2
Corwin A. Bibb,The Good Place
Corwin A. Bibb,Real Women Have Curves
Matthew Freund,The Good Place
Matthew Freund,Fist Fight
Matthew Freund,Wet Hot American Summer: Ten Years Later
Matthew Freund,Schmigadoon!
Matthew Freund,A Parks and Recreation Special
Matthew Freund,Broomshakalaka
Matthew Freund,For-Profit Online University
Matthew Barbato,The Good Place
Matthew Barbato,Wet Hot American Summer: Ten Years Later
Matthew Barbato,House Party
Eric Kissack,The Dictator
Eric Kissack,Horrible Bosses 2
Eric Kissack,Daddy's Home
Eric Kissack,Role Models
Eric Kissack,Brüno
Eric Kissack,The Good Place
Eric Kissack,A Very Harold & Kumar Christmas
Eric Kissack,Cedar Rapids
Colin Patton,Yes Man
Colin Patton,Halloween
Colin Patton,Knocked Up
Colin Patton,Pineapple Express
Colin Patton,Pitch Perfect 3
Colin Patton,The Good Place
Colin Patton,Joe
Colin Patton,Life After Beth
Jeff Rosenberg,The Good Place
Jeff Rosenberg,Wine Country
Jeff Rosenberg,We Broke Up
Jeff Rosenberg,Depth Charge
Jeff Rosenberg,OJ: The Musical
Valeria Migliassi Collins,Divergent
Valeria Migliassi Collins,Fast & Furious 6
Valeria Migliassi Collins,Fast Five
Valeria Migliassi Collins,Fast & Furious
Valeria Migliassi Collins,Star Trek Beyond
Valeria Migliassi Collins,The Fast and the Furious: Tokyo Drift
Valeria Migliassi Collins,Goosebumps
Valeria Migliassi Collins,Magnolia
Tyler Straessle,The Good Place
Steve Day,The Lego Movie
Steve Day,The Good Place
Steve Day,Popstar: Never Stop Never Stopping
Steve Day,Wine Country
Steve Day,Fools Rush In
Tucker Gates,House
Tucker Gates,Lost
Tucker Gates,The Office
Tucker Gates,Brooklyn Nine-Nine
Tucker Gates,The X-Files
Tucker Gates,House of Cards
Tucker Gates,Heroes
Tucker Gates,Homeland
Tristram Shapeero,Brooklyn Nine-Nine
Tristram Shapeero,Never Have I Ever
Tristram Shapeero,Community
Tristram Shapeero,New Girl
Tristram Shapeero,The Good Place
Tristram Shapeero,Parks and Recreation
Tristram Shapeero,Unbreakable Kimmy Schmidt
Tristram Shapeero,Veep
Trent O'Donnell,Brooklyn Nine-Nine
Trent O'Donnell,The Good Place
Trent O'Donnell,New Girl
Trent O'Donnell,A.P. Bio
Trent O'Donnell,Saved by the Bell
Trent O'Donnell,Ghosts
Trent O'Donnell,Ride the Eagle
Trent O'Donnell,Single Parents
Rebecca Asher,Donnie Darko
Rebecca Asher,Anchorman: The Legend of Ron Burgundy
Rebecca Asher,Knocked Up
Rebecca Asher,Brooklyn Nine-Nine
Rebecca Asher,Young Sheldon
Rebecca Asher,"Love, Victor"
Rebecca Asher,This Is Us
Rebecca Asher,The Good Place
Payman Benz,Brooklyn Nine-Nine
Payman Benz,The Good Place
Payman Benz,The Last Man on Earth
Payman Benz,A.P. Bio
Payman Benz,Angie Tribeca
Payman Benz,Who Is America?
Payman Benz,Winning Time: The Rise of the Lakers Dynasty
Payman Benz,Great News
Morgan Sackett,The Good Place
Morgan Sackett,Popstar: Never Stop Never Stopping
Morgan Sackett,Parks and Recreation
Morgan Sackett,Moxie
Morgan Sackett,Wine Country
Morgan Sackett,Hacks
Morgan Sackett,Lucy and Desi
Morgan Sackett,A Parks and Recreation Special
Michael McDonald,Ghostbusters
Michael McDonald,The Heat
Michael McDonald,Spy
Michael McDonald,Halloween Kills
Michael McDonald,The Boss
Michael McDonald,The Happytime Murders
Michael McDonald,Austin Powers: The Spy Who Shagged Me
Michael McDonald,Austin Powers in Goldmember
Lynn Shelton,Shameless
Lynn Shelton,New Girl
Lynn Shelton,The Good Place
Lynn Shelton,Laggies
Lynn Shelton,Mad Men
Lynn Shelton,Dickinson
Lynn Shelton,Santa Clarita Diet
Lynn Shelton,The Morning Show
Linda Mendoza,Brooklyn Nine-Nine
Linda Mendoza,Never Have I Ever
Linda Mendoza,Scrubs
Linda Mendoza,The Good Place
Linda Mendoza,Everybody Hates Chris
Linda Mendoza,Gilmore Girls
Linda Mendoza,30 Rock
Linda Mendoza,Fuller House
Ken Whittingham,The Office
Ken Whittingham,Brooklyn Nine-Nine
Ken Whittingham,Modern Family
Ken Whittingham,Desperate Housewives
Ken Whittingham,Scrubs
Ken Whittingham,Community
Ken Whittingham,2 Broke Girls
Ken Whittingham,The Good Place
Julie Anne Robinson,Grey's Anatomy
Julie Anne Robinson,The Last Song
Julie Anne Robinson,Brooklyn Nine-Nine
Julie Anne Robinson,Orange Is the New Black
Julie Anne Robinson,Bridgerton
Julie Anne Robinson,2 Broke Girls
Julie Anne Robinson,The Good Place
Julie Anne Robinson,Parks and Recreation
Jude Weng,iZombie
Jude Weng,Shameless
Jude Weng,Young Sheldon
Jude Weng,The Good Place
Jude Weng,Only Murders in the Building
Jude Weng,Unbreakable Kimmy Schmidt
Jude Weng,Finding ʻOhana
Jude Weng,black-ish
Dean Holland,The Office
Dean Holland,Brooklyn Nine-Nine
Dean Holland,The Good Place
Dean Holland,Parks and Recreation
Dean Holland,Blue Mountain State
Dean Holland,Ghosted
Dean Holland,Single Parents
Dean Holland,Trial & Error
Claire Scanlon,The Office
Claire Scanlon,Brooklyn Nine-Nine
Claire Scanlon,Set It Up
Claire Scanlon,Modern Family
Claire Scanlon,Never Have I Ever
Claire Scanlon,The Good Place
Claire Scanlon,Unbreakable Kimmy Schmidt
Claire Scanlon,Awkward.
Beth McCarthy-Miller,Brooklyn Nine-Nine
Beth McCarthy-Miller,Modern Family
Beth McCarthy-Miller,Young Sheldon
Beth McCarthy-Miller,Community
Beth McCarthy-Miller,The Good Place
Beth McCarthy-Miller,Parks and Recreation
Beth McCarthy-Miller,Californication
Beth McCarthy-Miller,30 Rock
Anya Adams,The Expanse
Anya Adams,The Good Place
Anya Adams,Charmed
Anya Adams,GLOW
Anya Adams,black-ish
Anya Adams,Fresh Off the Boat
Anya Adams,Zoey's Extraordinary Playlist
Anya Adams,American Housewife
Alan Yang,The Good Place
Alan Yang,Parks and Recreation
Alan Yang,Master of None
Alan Yang,Date and Switch
Alan Yang,Tigertail
Alan Yang,Loot
Alan Yang,We Love You
Alan Yang,Amarsi Un Pò
Michael Menapace,Nocturnal Animals
Michael Menapace,Superbad
Michael Menapace,Bad Boys II
Michael Menapace,Anchorman: The Legend of Ron Burgundy
Michael Menapace,Legally Blonde
Michael Menapace,Chef
Michael Menapace,Step Brothers
Michael Menapace,Bedtime Stories
Shane Daniels,Spider-Man: Homecoming
Shane Daniels,The Maze Runner
Shane Daniels,Divergent
Shane Daniels,Maze Runner: The Scorch Trials
Shane Daniels,Tenet
Shane Daniels,Maze Runner: The Death Cure
Shane Daniels,Top Gun: Maverick
Shane Daniels,The Good Place
Mandy Kowalski,Pirates of the Caribbean: On Stranger Tides
Mandy Kowalski,Nocturnal Animals
Mandy Kowalski,Fantastic Four
Mandy Kowalski,Thor: Love and Thunder
Mandy Kowalski,The Equalizer 2
Mandy Kowalski,The Happening
Mandy Kowalski,"Love, Death & Robots"
Mandy Kowalski,Booksmart
Lauren Mary Kim,Furious 7
Lauren Mary Kim,Grey's Anatomy
Lauren Mary Kim,The Mandalorian
Lauren Mary Kim,Alita: Battle Angel
Lauren Mary Kim,Transformers: Revenge of the Fallen
Lauren Mary Kim,Argo
Lauren Mary Kim,Transformers: Age of Extinction
Lauren Mary Kim,The Fast and the Furious: Tokyo Drift
Michael Schur,Brooklyn Nine-Nine
Michael Schur,The Good Place
Michael Schur,Parks and Recreation
Michael Schur,Rutherford Falls
Simone Almekias-Siegl,The Longest Yard
Simone Almekias-Siegl,Step Brothers
Simone Almekias-Siegl,Just Like Heaven
Simone Almekias-Siegl,Couples Retreat
Simone Almekias-Siegl,Blades of Glory
Simone Almekias-Siegl,Talladega Nights: The Ballad of Ricky Bobby
Simone Almekias-Siegl,Land of the Lost
Simone Almekias-Siegl,The Good Place
Aubrey Marie,La La Land
Aubrey Marie,Lady Bird
Aubrey Marie,Ford v Ferrari
Aubrey Marie,Booksmart
Aubrey Marie,Velvet Buzzsaw
Aubrey Marie,The Good Place
Aubrey Marie,Zeroville
Terrie Velazquez Owen,Collateral
Terrie Velazquez Owen,Priest
Terrie Velazquez Owen,Faster
Terrie Velazquez Owen,"I Love You, Man"
Terrie Velazquez Owen,Cake
Terrie Velazquez Owen,The Good Place
Terrie Velazquez Owen,All the Way
Terrie Velazquez Owen,The Brothers Solomon
Kirston Leigh Mann,The Pacifier
Kirston Leigh Mann,Lars and the Real Girl
Kirston Leigh Mann,The Good Place
Kirston Leigh Mann,Moxie
Kirston Leigh Mann,Million Dollar Arm
Kirston Leigh Mann,Wine Country
Kirston Leigh Mann,A Parks and Recreation Special
Kirston Leigh Mann,No Hard Feelings
Barry Peterson,21 Jump Street
Barry Peterson,We're the Millers
Barry Peterson,22 Jump Street
Barry Peterson,The Lego Movie
Barry Peterson,Central Intelligence
Barry Peterson,Game Night
Barry Peterson,Jumper
Barry Peterson,Zoolander
Trey Clinesmith,A Christmas Carol
Trey Clinesmith,Wedding Crashers
Trey Clinesmith,The Scorpion King
Trey Clinesmith,The Good Place
Trey Clinesmith,Think Like a Man
Camille M. Bratkowski,Twilight
Camille M. Bratkowski,The Fifth Element
Camille M. Bratkowski,The Hot Chick
Camille M. Bratkowski,Battle of the Sexes
Camille M. Bratkowski,The Good Place
Camille M. Bratkowski,A Christmas Story Live!
Camille M. Bratkowski,Hollywood Passions
Camille M. Bratkowski,Target of Seduction
Gay Perello,Bombshell
Gay Perello,Seeking a Friend for the End of the World
Gay Perello,A Single Man
Gay Perello,The Good Place
Gay Perello,Wine Country
Gay Perello,Gloria Bell
Gay Perello,Best Laid Plans
Gay Perello,A Parks and Recreation Special
Julie Witherington,Space Jam
Julie Witherington,The Craft
Julie Witherington,Sphere
Julie Witherington,The Good Place
Julie Witherington,Wine Country
Julie Witherington,Gloria Bell
Julie Witherington,Anywhere but Here
Julie Witherington,Babylon
David Ferguson,Hostile Waters
David Ferguson,Dr. Jekyll and Mr. Hyde
David Ferguson,Dark Season
David Ferguson,The Final Frame
David Ferguson,"George Clarke's Old House, New Home"
Tom Yi,The Purge
Tom Yi,Ghostbusters
Tom Yi,Bridesmaids
Tom Yi,This Is 40
Tom Yi,Umma
Tom Yi,Plus One
Tom Yi,The Big Bang Theory
Tom Yi,Alex of Venice
Noah Garfinkel,New Girl
Noah Garfinkel,Single Parents
Noah Garfinkel,Abby's
Noah Garfinkel,Pitch Perfect: Bumper in Berlin
Robert Paul Taylor,Couples Retreat
Robert Paul Taylor,Better Call Saul
Robert Paul Taylor,Brooklyn Nine-Nine
Robert Paul Taylor,The Good Place
Robert Paul Taylor,The Forest
Robert Paul Taylor,VHYes
Robert Paul Taylor,Adrenochrome
Robert Paul Taylor,Opening Night
David King,The Simpsons
David King,Never Have I Ever
David King,The Good Place
David King,Parks and Recreation
David King,The League
David King,Crashing
David King,Reboot
David King,A Parks and Recreation Special
Carl Tart,Brooklyn Nine-Nine
Carl Tart,The Good Place
Carl Tart,Arrested Development
Carl Tart,Grand Crew
Carl Tart,Lethal Weapon
Carl Tart,It's a Party
Carl Tart,Miracle Workers
Carl Tart,Star Trek: Lower Decks
Marc-Sully Saint-Fleur,The Good Place
Marc-Sully Saint-Fleur,Curb Your Enthusiasm
Marc-Sully Saint-Fleur,Space Force
Marc-Sully Saint-Fleur,Home Economics
Chad Guerrero,Spy Kids: All the Time in the World
Chad Guerrero,Close Range
Chad Guerrero,Bad Ass
Chad Guerrero,Sexy Evil Genius
Chad Guerrero,Heart Shot
Chad Guerrero,Scorpion
Chad Guerrero,Are You Scared 2
Chad Guerrero,Extraction
Patrick Cox,Aquaman
Patrick Cox,The Dark Knight Rises
Patrick Cox,Malignant
Patrick Cox,Ben 10 Alien Swarm
Patrick Cox,Veronica Mars
Patrick Cox,Legendary
Patrick Cox,Live Animals
Patrick Cox,Bones
Eliza Shin,Offseason
Eliza Shin,This Is Us
Eliza Shin,The Good Place
Eliza Shin,American Crime Story
Eliza Shin,Veronica Mars
Eliza Shin,Superstore
Eliza Shin,Veep
Eliza Shin,Christmas Together
Rachel Winfree,How the Grinch Stole Christmas
Rachel Winfree,Donnie Darko
Rachel Winfree,Top Gun: Maverick
Rachel Winfree,The Thirteenth Floor
Rachel Winfree,Old School
Rachel Winfree,Malignant
Rachel Winfree,The Flintstones in Viva Rock Vegas
Rachel Winfree,Jawbreaker
Garrett Nichols,How I Met Your Mother
Garrett Nichols,The Good Place
Garrett Nichols,Life in Pieces
Garrett Nichols,"Tim and Eric Awesome Show, Great Job!"
Garrett Nichols,Mr. Mayor
Garrett Nichols,The Exes
Garrett Nichols,Between the Miles
Lauryn Speights,My Daughter's Psycho Friend
Lauryn Speights,The Secret Lives Of Cheerleaders
Lauryn Speights,The Good Place
Lauryn Speights,A Stolen Life
Lauryn Speights,Speechless
Carol Herman,Nanny Cam
Carol Herman,Scorpion
Carol Herman,Better Call Saul
Carol Herman,Freaky Deaky
Carol Herman,House
Carol Herman,The Wedding Year
Carol Herman,The Good Place
Carol Herman,Scrubs
Mac Jarman,Harry & Meghan: A Royal Romance
Mac Jarman,Young Sheldon
Mac Jarman,The Good Place
Mac Jarman,9-1-1: Lone Star
Mac Jarman,The Mighty Ducks: Game Changers
Mac Jarman,mixed-ish
Michael Hagiwara,New Nightmare
Michael Hagiwara,Hellboy Animated: Sword of Storms
Michael Hagiwara,Redline
Michael Hagiwara,How I Met Your Mother
Michael Hagiwara,Prehysteria! 2
Michael Hagiwara,The Good Place
Michael Hagiwara,The Man in the High Castle
Michael Hagiwara,This Is Us
Monica Padman,CHiPS
Monica Padman,The Good Place
Monica Padman,Curb Your Enthusiasm
Monica Padman,Drop Dead Diva
Lynette DuPree,Random Hearts
Lynette DuPree,Best Night Ever
Lynette DuPree,Beckman
Lynette DuPree,Their Eyes Were Watching God
Lynette DuPree,S.W.A.T.
Lynette DuPree,The Good Place
Lynette DuPree,Zig Zag
Lynette DuPree,How to Get Away with Murder
Todd Aaron Brotze,Bombshell
Todd Aaron Brotze,The Office
Todd Aaron Brotze,Brooklyn Nine-Nine
Todd Aaron Brotze,Yosemite
Todd Aaron Brotze,The Good Place
Todd Aaron Brotze,How to Get Away with Murder
Todd Aaron Brotze,This Is Us
Todd Aaron Brotze,Curb Your Enthusiasm
Johnny Kostrey,Lucky Bastard
Johnny Kostrey,Criminal Minds
Johnny Kostrey,Rot
Johnny Kostrey,P-51 Dragon Fighter
Johnny Kostrey,The Good Place
Johnny Kostrey,Bones
Johnny Kostrey,MacGyver
Johnny Kostrey,Chuck
Janet Song,Nocturnal Animals
Janet Song,The Bling Ring
Janet Song,Lady Bird
Janet Song,Pet
Janet Song,Palo Alto
Janet Song,WandaVision
Janet Song,Kings
Janet Song,Euphoria
Stella Edwards,Lucy in the Sky
Stella Edwards,Place
Stella Edwards,Mickey Saves Christmas
Stella Edwards,The Good Place
Stella Edwards,Magnum P.I.
Stella Edwards,The L Word: Generation Q
Flula Borg,Pitch Perfect 2
Flula Borg,The Suicide Squad
Flula Borg,Luck
Flula Borg,Ralph Breaks the Internet
Flula Borg,Ferdinand
Flula Borg,Chip 'n Dale: Rescue Rangers
Flula Borg,Trolls World Tour
Flula Borg,Alvin and the Chipmunks: The Road Chip
Megan Amram,The Simpsons
Megan Amram,The Good Place
Megan Amram,Parks and Recreation
Megan Amram,A Parks and Recreation Special
Megan Amram,Pitch Perfect: Bumper in Berlin
Ryan de Quintal,Brooklyn Nine-Nine
Ryan de Quintal,The Good Place
Ryan de Quintal,9-1-1
Ryan de Quintal,Layover
Ryan de Quintal,Idled
Ryan de Quintal,Big Sky
Ryan de Quintal,Medium
Ryan de Quintal,DAVE
Kathy Luu,Infini
Kathy Luu,Science Fiction Volume One: The Osiris Child
Kathy Luu,Rhapsody of Love
Kathy Luu,The Good Place
Kathy Luu,Ravenswood
Kathy Luu,BlackJack: Ghosts
Kathy Luu,Deadhouse Dark
Kathy Luu,Fighting Season
Liza Fernandez,The Good Place
Liza Fernandez,How to Get Away with Murder
Liza Fernandez,Mom
Liza Fernandez,Atrophy
Liza Fernandez,Bull
Paul Tassone,Saving Mr. Banks
Paul Tassone,Poker Face
Paul Tassone,The Code
Paul Tassone,Panic at Rock Island
Paul Tassone,The Good Place
Paul Tassone,Silent Predators
Paul Tassone,Underbelly
Paul Tassone,Airtight
Nathan Lovejoy,Gabby Duran and the Unsittables
Nathan Lovejoy,Becoming Bond
Nathan Lovejoy,The Good Place
Nathan Lovejoy,The Mystery of a Hansom Cab
Nathan Lovejoy,Sammy J & Randy in Ricketts Lane
Nathan Lovejoy,Bombshell
Nathan Lovejoy,The Kettering Incident
Nathan Lovejoy,headLand
Judah Simard,Criminal Minds
Judah Simard,The Good Place
Judah Simard,Chance
Olivia Mackenzie-Smith,Love at the Christmas Table
Olivia Mackenzie-Smith,Last One Screaming
Olivia Mackenzie-Smith,The Good Place
Olivia Mackenzie-Smith,Deadly Women
Ben Geurens,Reign
Ben Geurens,Enter the Wild
Ben Geurens,Body Melt
Ben Geurens,Locusts
Ben Geurens,Legacies
Ben Geurens,Hollywood Stargirl
Ben Geurens,Two Nights
Ben Geurens,The Good Place
Conor Murphy,Straight Up
Conor Murphy,The Good Place
Conor Murphy,Buckshot
Ilka Urbach,The Good Place
Ilka Urbach,Chuck
Ilka Urbach,Jane the Virgin
Ilka Urbach,Counterpart
John Leary,Pirates of the Caribbean: Dead Men Tell No Tales
John Leary,Where the Wild Things Are
John Leary,Back to the Outback
John Leary,Glitch
John Leary,Oddball
John Leary,The Good Place
Matthew Foster,20th Century Women
Matthew Foster,Kajillionaire
Matthew Foster,The Good Place
Matthew Foster,Law & Order: Special Victims Unit
Matthew Foster,An American Girl Story - Melody 1963: Love Has to Win
Matthew Foster,White Collar Blue
Matthew Foster,The Last One
Mary Steenburgen,Back to the Future Part III
Mary Steenburgen,The Proposal
Mary Steenburgen,Philadelphia
Mary Steenburgen,Step Brothers
Mary Steenburgen,What's Eating Gilbert Grape
Mary Steenburgen,The Help
Mary Steenburgen,Elf
Mary Steenburgen,Powder
Kurt Braunohler,The Big Sick
Kurt Braunohler,Barbarian
Kurt Braunohler,Long Shot
Kurt Braunohler,An American Pickle
Kurt Braunohler,Who Killed Santa? A Murderville Murder Mystery
Kurt Braunohler,Gravity Falls
Kurt Braunohler,Hits
Kurt Braunohler,Kristen Schaal: Live at the Fillmore
Nick Offerman,The Founder
Nick Offerman,We're the Millers
Nick Offerman,The Lego Movie
Nick Offerman,21 Jump Street
Nick Offerman,22 Jump Street
Nick Offerman,Sing
Nick Offerman,Me and Earl and the Dying Girl
Nick Offerman,Hotel Transylvania 2
Michael Eshaun York,Grey's Anatomy
Michael Eshaun York,You
Michael Eshaun York,Star Trek: Picard
Michael Eshaun York,The Good Place
Michael Eshaun York,All American
Michael Eshaun York,BUNK'D
Michael Eshaun York,Teachers
Andrew Law,Silicon Valley
Andrew Law,The Good Place
David Danipour,Westworld
David Danipour,Fly on the Wall
David Danipour,The Good Place
David Danipour,The Dropout
Gary Richardson,Spider-Man: Homecoming
Gary Richardson,Save Yourselves!
Gary Richardson,Don't Think Twice
Gary Richardson,The Good Place
Gary Richardson,Good Posture
Gary Richardson,Party Time Party Time
Gary Richardson,A Maine Movie
Lisa Kudrow,Friends
Lisa Kudrow,The Boss Baby
Lisa Kudrow,P.S. I Love You
Lisa Kudrow,Easy A
Lisa Kudrow,The Girl on the Train
Lisa Kudrow,Neighbors
Lisa Kudrow,Neighbors 2: Sorority Rising
Lisa Kudrow,Analyze This
Timothy Olyphant,Hitman
Timothy Olyphant,Once Upon a Time… in Hollywood
Timothy Olyphant,The Crazies
Timothy Olyphant,Live Free or Die Hard
Timothy Olyphant,I Am Number Four
Timothy Olyphant,The Girl Next Door
Timothy Olyphant,Gone in Sixty Seconds
Timothy Olyphant,Deadwood
Adinett Nsabimana,Birds of Prey (and the Fantabulous Emancipation of One Harley Quinn)
Adinett Nsabimana,Hansel Vs. Gretel
Adinett Nsabimana,The Good Place
Adinett Nsabimana,Faking It
Sonya Leslie,The Curious Case of Benjamin Button
Sonya Leslie,Earth to Echo
Sonya Leslie,Scorpion
Sonya Leslie,9-1-1
Sonya Leslie,The Rookie
Sonya Leslie,The Good Place
Sonya Leslie,Castle
Sonya Leslie,The Mentalist
Noel Arthur,The Black Dahlia
Noel Arthur,Bad Lieutenant: Port of Call - New Orleans
Noel Arthur,"My Son, My Son, What Have Ye Done"
Noel Arthur,Bound
Noel Arthur,Pretty Little Liars
Noel Arthur,You
Noel Arthur,Shameless
Noel Arthur,Dahmer – Monster: The Jeffrey Dahmer Story
Kate Berlant,Once Upon a Time… in Hollywood
Kate Berlant,Don't Worry Darling
Kate Berlant,Sorry to Bother You
Kate Berlant,Duck Butter
Kate Berlant,"Frankenstein's Monster's Monster, Frankenstein"
Kate Berlant,Happy Anniversary
Kate Berlant,Loki
Kate Berlant,Reggie Watts: Spatial
Sheila Carrasco,Ghosts
Sheila Carrasco,The Good Place
Sheila Carrasco,Jane the Virgin
Sheila Carrasco,Life in Pieces
Sheila Carrasco,Outmatched
Sheila Carrasco,The Beauty Inside
Sheila Carrasco,Good Luck with Everything
Sheila Carrasco,A Lot of Nothing
Nicolas Cantu,The Walking Dead: World Beyond
Nicolas Cantu,The Fabelmans
Nicolas Cantu,LEGO Star Wars: The Freemaker Adventures
Nicolas Cantu,Dragons: Rescue Riders: Hunt for the Golden Dragon
Nicolas Cantu,Dragons: Rescue Riders: Secrets of the Songwing
Nicolas Cantu,Hey Arnold! The Jungle Movie
Nicolas Cantu,Dragons: Rescue Riders
Nicolas Cantu,The Good Place
Nicole Byer,Mike and Dave Need Wedding Dates
Nicole Byer,Vivo
Nicole Byer,Nailed It!
Nicole Byer,Nailed It! Holiday!
Nicole Byer,Nicole Byer: BBW (Big Beautiful Weirdo)
Nicole Byer,Other People
Nicole Byer,The Bob's Burgers Movie
Nicole Byer,Rugrats
Stephen Merchant,Logan
Stephen Merchant,Jojo Rabbit
Stephen Merchant,Tooth Fairy
Stephen Merchant,Hall Pass
Stephen Merchant,The Girl in the Spider's Web
Stephen Merchant,Movie 43
Stephen Merchant,Hot Fuzz
Stephen Merchant,A Boy Called Christmas
Michael McKean,This Is Spinal Tap
Michael McKean,Whatever Works
Michael McKean,Better Call Saul
Michael McKean,"Planes, Trains and Automobiles"
Michael McKean,Clue
Michael McKean,"Batman: The Dark Knight Returns, Part 1"
Michael McKean,Good Omens
Michael McKean,Short Circuit 2
Peter Katona,Teen Wolf
Peter Katona,LA Apocalypse
Peter Katona,Deadly Honeymoon
Peter Katona,Bound & Babysitting
Peter Katona,The Good Place
Peter Katona,Castle
Peter Katona,Baby Daddy
Peter Katona,Major Crimes
Andrew Daly,Life As We Know It
Andrew Daly,What Happens in Vegas
Andrew Daly,Semi-Pro
Andrew Daly,Middle School: The Worst Years of My Life
Andrew Daly,Transformers: Dark of the Moon
Andrew Daly,Yogi Bear
Andrew Daly,She's Out of My League
Andrew Daly,A Haunted House
Adam Groves,Supernatural
Adam Groves,The Good Place
Antoniette Iesue,Promised
Antoniette Iesue,The Good Place
Antoniette Iesue,Harmony
Antoniette Iesue,Christmas Down Under
Teshi Thomas,Harry & Meghan: A Royal Romance
Teshi Thomas,Dahmer – Monster: The Jeffrey Dahmer Story
Teshi Thomas,The Good Place
Teshi Thomas,Raven's Home
Teshi Thomas,David Makes Man
Whitmer Thomas,The Walking Dead
Whitmer Thomas,Deported
Whitmer Thomas,Sword of Trust
Whitmer Thomas,Uncle Kent
Whitmer Thomas,Jerked
Whitmer Thomas,Whitmer Thomas: The Golden One
Whitmer Thomas,The Good Place
Whitmer Thomas,A Dim Valley
Moshe Kasher,Zoolander 2
Moshe Kasher,Chelsea Peretti: One of the Greats
Moshe Kasher,Brooklyn Nine-Nine
Moshe Kasher,The Good Place
Moshe Kasher,Alone Up There
Moshe Kasher,The Honeymoon Stand Up Special
Moshe Kasher,The Opening Act
Harvey Guillén,Puss in Boots: The Last Wish
Harvey Guillén,The Internship
Harvey Guillén,Status Update
Harvey Guillén,What We Do in the Shadows
Harvey Guillén,Werewolves Within
Harvey Guillén,The Body
Harvey Guillén,Eye Candy
Harvey Guillén,Truth or Dare
Andrew Bering,Stasis
Andrew Bering,Hell Hath No Fury
Andrew Bering,The Good Place
Andrew Bering,The Orville
Andrew Bering,The Tribe
Andrew Bering,Oasis
Andrew Bering,Noir
Lisandra Tena,Fear the Walking Dead
Lisandra Tena,The Good Place
Lisandra Tena,NCIS
Lisandra Tena,Ernesto's Manifesto
Lisandra Tena,The Shining Trench of Chairman Gonzalo
Lisandra Tena,Good Trouble
Ben Harris,Sing
Ben Harris,Ghostbusters
Ben Harris,The Dictator
Ben Harris,A Simple Favor
Ben Harris,Kubo and the Two Strings
Ben Harris,Daddy's Home
Ben Harris,Bombshell
Ben Harris,Palm Springs
David Piggott,The Good Place
David Piggott,Brooklyn Nine-Nine
David Piggott,Modern Family
David Piggott,Lethal Weapon
David Piggott,MacGyver
David Piggott,Burn Notice
Doc Farrow,Bombshell
Doc Farrow,Scorpion
Doc Farrow,Young Sheldon
Doc Farrow,The Good Place
Doc Farrow,Modern Family
Doc Farrow,How to Get Away with Murder
Doc Farrow,Mom
Doc Farrow,Curb Your Enthusiasm
Joanna Sotomura,Contracted: Phase II
Joanna Sotomura,Negative
Joanna Sotomura,Video Game High School
Joanna Sotomura,Get the Girl
Joanna Sotomura,Everything Before Us
Joanna Sotomura,Criminal Minds
Joanna Sotomura,The Good Place
Joanna Sotomura,NCIS: Los Angeles
Jess Rowland,Hit & Run
Jess Rowland,The Princess Diaries 2: Royal Engagement
Jess Rowland,CHiPS
Jess Rowland,How I Met Your Mother
Jess Rowland,The Good Place
Jess Rowland,Arrested Development
Jess Rowland,Smother
Jess Rowland,It's Always Sunny in Philadelphia
Aisha Kabia,Transformers: The Last Knight
Aisha Kabia,How I Met Your Mother
Aisha Kabia,House
Aisha Kabia,The Good Place
Aisha Kabia,Letter Never Sent
Aisha Kabia,S.W.A.T.
Aisha Kabia,The Resident
Aisha Kabia,Chuck
Braxton Beckham,Blended
Braxton Beckham,The Good Place
Braxton Beckham,iCarly
Braxton Beckham,The Orville
Georgia Mischak,The Good Place
Georgia Mischak,Basic
Georgia Mischak,The Relationtrip
Jen Statsky,The Good Place
Jen Statsky,Parks and Recreation
Jen Statsky,Hacks
Jen Statsky,A Parks and Recreation Special
Jen Statsky,Why You've Never Met The 4th Haim Sister
Mataeo Mingo,Westworld
Mataeo Mingo,The Good Place
Mataeo Mingo,Sound of Violence
Mataeo Mingo,NCIS
Mataeo Mingo,So B. It
Mataeo Mingo,Bosch
Mataeo Mingo,Masters of Sex
Abigail Marlowe,Captain America: The Winter Soldier
Abigail Marlowe,The Equalizer 2
Abigail Marlowe,Brooklyn Nine-Nine
Abigail Marlowe,Sister of the Groom
Abigail Marlowe,The Good Place
Abigail Marlowe,Community
Abigail Marlowe,Hannah Montana
Abigail Marlowe,The Neighborhood
A.J. Hudson,Barbie Dreamtopia: Festival of Fun
A.J. Hudson,Brooklyn Nine-Nine
A.J. Hudson,The Good Place
A.J. Hudson,It's Always Sunny in Philadelphia
A.J. Hudson,1-800-Hot-Nite
A.J. Hudson,Excess Baggage
A.J. Hudson,Batwheels
A.J. Hudson,Jim
Tom Bromhead,The Angry Birds Movie 2
Tom Bromhead,We Bare Bears
Tom Bromhead,WWI: The First Modern War
Tom Bromhead,The Good Place
Tom Bromhead,Cars on the Road
Tom Bromhead,I Got A Rocket!
Jayne Entwistle,American Heart
Jayne Entwistle,Holy Ghost People
Jayne Entwistle,The Chain
Jayne Entwistle,The Good Place
Jayne Entwistle,Unwritten Obsession
Jayne Entwistle,Eat Wheaties!
Jayne Entwistle,Winning Time: The Rise of the Lakers Dynasty
Jayne Entwistle,Blockbuster
Dallas Dupree Young,Cobra Kai
Dallas Dupree Young,Ready Player One
Dallas Dupree Young,The Main Event
Dallas Dupree Young,1-800-Hot-Nite
Dallas Dupree Young,The Good Place
Dallas Dupree Young,Cousins for Life
Dallas Dupree Young,The Royal
Dallas Dupree Young,The Fosters
Jonathan Bray,The Babysitter
Jonathan Bray,The Babysitter: Killer Queen
Jonathan Bray,King Richard
Jonathan Bray,Bombshell
Jonathan Bray,Coffee Date
Jonathan Bray,Scorpion
Jonathan Bray,The Good Place
Jonathan Bray,How Not to Propose
Jonno Roberts,Message from the King
Jonno Roberts,World's End
Jonno Roberts,The Elephant King
Jonno Roberts,NCIS
Jonno Roberts,The Rookie
Jonno Roberts,Lie to Me
Jonno Roberts,The Good Place
Jonno Roberts,Elementary
Sarah Yarkin,Texas Chainsaw Massacre
Sarah Yarkin,Happy Death Day 2U
Sarah Yarkin,Not Okay
Sarah Yarkin,Motherland: Fort Salem
Sarah Yarkin,American Horror Story
Sarah Yarkin,Eat Brains Love
Sarah Yarkin,The Good Place
Sarah Yarkin,30/30 Vision: Three Decades of Strand Releasing
Ele Woods,The Good Place
Ele Woods,Turnt Up with the Taylors
Ele Woods,Dirty Laundry
Max Silvestri,Table 19
Max Silvestri,Being the Ricardos
Max Silvestri,Brooklyn Nine-Nine
Max Silvestri,The Good Place
Max Silvestri,Spy Intervention
Max Silvestri,The Divorce Party
Max Silvestri,A.P. Bio
Max Silvestri,Human Resources
Jill Johnson,Young Sheldon
Jill Johnson,The Good Place
Jill Johnson,This Is Us
Jill Johnson,Superstore
Jill Johnson,American Housewife
Jill Johnson,The Lincoln Lawyer
Jill Johnson,Life in Pieces
Adam Huber,Dynasty
Adam Huber,Nanny Surveillance
Adam Huber,Book Club
Adam Huber,Breaking & Exiting
Adam Huber,Room for Murder
Adam Huber,"Blood, Sweat and Lies"
Adam Huber,The Good Place
Adam Huber,New Girl
Behzad Dabu,The Good Place
Behzad Dabu,How to Get Away with Murder
Behzad Dabu,All Rise
Behzad Dabu,Mondo Hollywoodland
Behzad Dabu,Got Game?
Behzad Dabu,I Hate It Here
Jim Meskimen,There Will Be Blood
Jim Meskimen,How the Grinch Stole Christmas
Jim Meskimen,Batman: Gotham Knight
Jim Meskimen,Apollo 13
Jim Meskimen,Constantine: City of Demons - The Movie
Jim Meskimen,The Punisher
Jim Meskimen,Frost/Nixon
Jim Meskimen,Our Lips Are Sealed
Dah-uh Morrow,Trespassers
Dah-uh Morrow,The Good Place
Dah-uh Morrow,Jesus H. Zombie
Dah-uh Morrow,Curb Your Enthusiasm
Dah-uh Morrow,The Kissing Bandit
Ross Bryant,The Good Place
Ross Bryant,The Magic Portal
Ross Bryant,Cups & Robbers
Ross Bryant,Crashing
Ross Bryant,Bobcat Goldthwait's Misfits & Monsters
Ross Bryant,Make Some Noise
Ross Bryant,Play It By Ear
Dax Shepard,Zathura: A Space Adventure
Dax Shepard,Idiocracy
Dax Shepard,CHiPS
Dax Shepard,The Judge
Dax Shepard,Let's Go to Prison
Dax Shepard,Hit & Run
Dax Shepard,Baby Mama
Dax Shepard,Without a Paddle
Mary Holland,Mike and Dave Need Wedding Dates
Mary Holland,Happiest Season
Mary Holland,Senior Year
Mary Holland,Unicorn Store
Mary Holland,The Package
Mary Holland,Between Two Ferns: The Movie
Mary Holland,Greener Grass
Mary Holland,Blunt Talk
Will McLaughlin,Men in Black 3
Will McLaughlin,Irresistible
Will McLaughlin,Gigantic
Will McLaughlin,Brooklyn Nine-Nine
Will McLaughlin,The Good Place
Will McLaughlin,Law & Order: Special Victims Unit
Will McLaughlin,Parks and Recreation
Will McLaughlin,Superstore
Noelle E. Parker,Kimi
Noelle E. Parker,Deadwood: The Movie
Noelle E. Parker,9-1-1
Noelle E. Parker,The Good Place
Noelle E. Parker,Arrested Development
Noelle E. Parker,An American Girl Story: Maryellen 1955 - Extraordinary Christmas
Noelle E. Parker,Buttons
Noelle E. Parker,My Stepfather's Secret
Lynnette Gaza,The Nun
Lynnette Gaza,LOL
Lynnette Gaza,The Taking
Lynnette Gaza,Witless Protection
Lynnette Gaza,The Good Place
Lynnette Gaza,Peace of Heart
Jamie Denbo,Yes Man
Jamie Denbo,Ghostbusters
Jamie Denbo,Daddy's Home
Jamie Denbo,Spy
Jamie Denbo,The Heat
Jamie Denbo,Get a Job
Jamie Denbo,Terriers
Jamie Denbo,Must Love Dogs
Sandra Cevallos,Scorpion
Sandra Cevallos,Karma
Sandra Cevallos,The Good Place
Sandra Cevallos,How to Get Away with Murder
Sandra Cevallos,The Wonderful Ice Cream Suit
Sandra Cevallos,Bosch
Sandra Cevallos,CSI: Crime Scene Investigation
Sandra Cevallos,Cory in the House
George Basil,Werewolves Within
George Basil,Desperados
George Basil,Flaked
George Basil,Welcome to Me
George Basil,Crashing
George Basil,The Good Place
George Basil,Man Underground
George Basil,No Activity
Hayden Szeto,Truth or Dare
Hayden Szeto,The Edge of Seventeen
Hayden Szeto,Yes Day
Hayden Szeto,Come As You Are
Hayden Szeto,Sex Appeal
Hayden Szeto,Tigertail
Hayden Szeto,The Good Doctor
Hayden Szeto,Summer Night
Jill Remez,The Green Hornet
Jill Remez,The Family Stone
Jill Remez,Dead Drop
Jill Remez,House
Jill Remez,How to Get Away with Murder
Jill Remez,The Good Place
Jill Remez,This Is Us
Jill Remez,Modern Family
Amber Martinez,Newness
Amber Martinez,The Good Place
Amber Martinez,This Is Us
Amber Martinez,Madness in the Method
Amber Martinez,Stumptown
Amber Martinez,Bond: Kizuna
Amber Martinez,Surfside Girls
Amber Martinez,Christmas Is Joy
Mele Ihara,The Circle
Mele Ihara,Arrested Development
Mele Ihara,The Good Place
Mele Ihara,Jane the Virgin
Mele Ihara,For All Mankind
Mele Ihara,Truth Be Told
Fran Gillespie,Other People
Fran Gillespie,Brooklyn Nine-Nine
Fran Gillespie,The Good Place
Fran Gillespie,Big Mouth
Fran Gillespie,Lane Woods Finds Love
Deb Hiett,Booksmart
Deb Hiett,Bombshell
Deb Hiett,Unicorn Store
Deb Hiett,Other People
Deb Hiett,Young Sheldon
Deb Hiett,The Good Place
Deb Hiett,NCIS
Deb Hiett,Parks and Recreation
Aasia LaShay Bullock,Upload
Aasia LaShay Bullock,Space Force
Aasia LaShay Bullock,What We Do in the Shadows
Yanellie Ireland,Cucuy: The Boogeyman
Yanellie Ireland,A Perfect Christmas List
Yanellie Ireland,The Good Place
Yanellie Ireland,Modern Family
Yanellie Ireland,See You Next Summer
Tiana Okoye,The Valet
Tiana Okoye,Grease Live
Tiana Okoye,Hairspray Live!
Tiana Okoye,The Good Place
Tom Beyer,Bruce Almighty
Tom Beyer,Beautiful Boy
Tom Beyer,Dog
Tom Beyer,Papi Chulo
Tom Beyer,The Tribes of Palos Verdes
Tom Beyer,Criminal Minds
Tom Beyer,How to Get Away with Murder
Tom Beyer,The Good Place
Rebecca Delgado Smith,Good on Paper
Rebecca Delgado Smith,New Girl
Rebecca Delgado Smith,The Good Place
Rebecca Delgado Smith,Upload
Rebecca Delgado Smith,American Dad!
Rebecca Delgado Smith,Crazy Ex-Girlfriend
Rebecca Delgado Smith,The League
Jamila Webb,The Good Place
Jamila Webb,Jane the Virgin
Jamila Webb,Dean
Jamila Webb,Superstore
Jamila Webb,Law & Order: Special Victims Unit
Jamila Webb,Extant
Jamila Webb,Their Fall Our All
Jamila Webb,Masters of Sex
Sunita Mani,Everything Everywhere All at Once
Sunita Mani,Can You Keep a Secret?
Sunita Mani,Save Yourselves!
Sunita Mani,Spirited
Sunita Mani,Evil Eye
Sunita Mani,Don't Think Twice
Sunita Mani,Wine Country
Sunita Mani,GLOW
Jackie Tohn,CHiPS
Jackie Tohn,Postal
Jackie Tohn,Sisters
Jackie Tohn,GLOW
Jackie Tohn,Jem and the Holograms
Jackie Tohn,A Futile and Stupid Gesture
Jackie Tohn,The Boys
Jackie Tohn,Bad Roomies
Paulina Lule,Honey Boy
Paulina Lule,Marvel's Agents of S.H.I.E.L.D.
Paulina Lule,The Good Place
Paulina Lule,ASIA A
Paulina Lule,Marvelous and the Black Hole
Paulina Lule,NCIS
Paulina Lule,Deany Bean Is Dead
Paulina Lule,She Watches from the Woods
Zeke Nicholson,Westworld
Zeke Nicholson,The Good Place
Zeke Nicholson,Who Invited Them
Zeke Nicholson,Lopez
Zeke Nicholson,Take My Wife
Zeke Nicholson,Miracle Workers
Zeke Nicholson,Weird City
Zeke Nicholson,Game Changer
Jorge Diaz,Paranormal Activity: The Marked Ones
Jorge Diaz,Fast & Furious Spy Racers
Jorge Diaz,The 33
Jorge Diaz,The Epic Tales of Captain Underpants
Jorge Diaz,Elena of Avalor
Jorge Diaz,American Carnage
Jorge Diaz,Adopt a Highway
Jorge Diaz,Hopeless Romantic
Marques Ray,The Meddler
Marques Ray,Brews Brothers
Marques Ray,Krod Mandoon and the Flaming Sword of Fire
Marques Ray,The Good Place
Marques Ray,New Girl
Marques Ray,Superstore
Marques Ray,The Goldbergs
Marques Ray,Curb Your Enthusiasm
John Hartmann,Bombshell
John Hartmann,Funny People
John Hartmann,The Office
John Hartmann,Better Call Saul
John Hartmann,Bones
John Hartmann,The Good Place
John Hartmann,Hard Pill
John Hartmann,Shame No More
Emily Arlook,Big Time Adolescence
Emily Arlook,grown-ish
Emily Arlook,Valentine's Day
Emily Arlook,You People
Emily Arlook,Naughty or Nice
Emily Arlook,The Good Place
Emily Arlook,Just Add Water
Emily Arlook,Wishcraft
Angela Trimbur,Halloween II
Angela Trimbur,The Final Girls
Angela Trimbur,XX
Angela Trimbur,The Feels
Angela Trimbur,Trespassers
Angela Trimbur,Trash Fire
Angela Trimbur,Horse Girl
Angela Trimbur,The Kings of Summer
Dana Powell,Bridesmaids
Dana Powell,The Office
Dana Powell,Battlecreek
Dana Powell,Handsome: A Netflix Mystery Movie
Dana Powell,Modern Family
Dana Powell,2 Broke Girls
Dana Powell,Arrested Development
Dana Powell,The Good Place
Brad Morris,Sing
Brad Morris,Seeking a Friend for the End of the World
Brad Morris,Bombshell
Brad Morris,Handsome: A Netflix Mystery Movie
Brad Morris,The Office
Brad Morris,A Futile and Stupid Gesture
Brad Morris,Search Party
Brad Morris,Minions & More Volume 2
Leslie Grossman,American Horror Story
Leslie Grossman,Miss Congeniality 2: Armed and Fabulous
Leslie Grossman,Studio 666
Leslie Grossman,The Opposite of Sex
Leslie Grossman,Can't Hardly Wait
Leslie Grossman,Santa Inc.
Leslie Grossman,Running with Scissors
Leslie Grossman,Grey's Anatomy
Ben Lawson,No Strings Attached
Ben Lawson,Bombshell
Ben Lawson,Designated Survivor
Ben Lawson,Firefly Lane
Ben Lawson,The Little Death
Ben Lawson,"Sabrina, Down Under"
Ben Lawson,13 Reasons Why
Ben Lawson,2 Broke Girls
Dominic Burgess,Batman Begins
Dominic Burgess,Ma
Dominic Burgess,Hot Bot
Dominic Burgess,The Flash
Dominic Burgess,Breaking News in Yuba County
Dominic Burgess,Marvel's Agents of S.H.I.E.L.D.
Dominic Burgess,Lethal Seduction
Dominic Burgess,Doctor Who
Monnae Michaell,Matchstick Men
Monnae Michaell,42
Monnae Michaell,Flight 93
Monnae Michaell,The Office
Monnae Michaell,Bones
Monnae Michaell,The Good Place
Monnae Michaell,Station 19
Monnae Michaell,Atypical
Allyn Rachel,Instant Family
Allyn Rachel,Kong: Skull Island
Allyn Rachel,A Million Ways to Die in the West
Allyn Rachel,Million Dollar Arm
Allyn Rachel,Bee and PuppyCat
Allyn Rachel,Selfie
Allyn Rachel,Bee and PuppyCat: Lazy in Space
Allyn Rachel,Valley Girl
Susan Park,Ghostbusters
Susan Park,Snowpiercer
Susan Park,Always Be My Maybe
Susan Park,Unicorn Store
Susan Park,Phantom Halo
Susan Park,Briarpatch
Susan Park,Fargo
Susan Park,1600 Penn
Keston John,Avatar: The Way of Water
Keston John,She-Ra and the Princesses of Power
Keston John,In the Dark
Keston John,LEGO Marvel Super Heroes: Black Panther - Trouble in Wakanda
Keston John,The Trust
Keston John,The Retrieval
Keston John,Dragon Age: Absolution
Meryl Hathaway,9-1-1
Meryl Hathaway,Grey's Anatomy
Meryl Hathaway,Dean
Meryl Hathaway,It's Your Call
Meryl Hathaway,This Is Us
Meryl Hathaway,2 Broke Girls
Meryl Hathaway,The Good Place
Meryl Hathaway,Harley Quinn
Tatiana Carr,Scorpion
Tatiana Carr,Good Boy
Tatiana Carr,The Good Place
Tatiana Carr,NCIS
Tatiana Carr,NCIS: Los Angeles
Tatiana Carr,Hacks
Tatiana Carr,Man with a Plan
Tatiana Carr,Life in Pieces
Takato Yonemoto,47 Ronin
Takato Yonemoto,Prisoners of the Ghostland
Takato Yonemoto,The Forest of Love
Takato Yonemoto,Handsome: A Netflix Mystery Movie
Takato Yonemoto,The Good Place
Takato Yonemoto,The Kids Are Back
Takato Yonemoto,Storage Man
Takato Yonemoto,Bond: Kizuna
Mike O'Malley,Sully
Mike O'Malley,R.I.P.D.
Mike O'Malley,So Undercover
Mike O'Malley,Concussion
Mike O'Malley,Eat Pray Love
Mike O'Malley,The Perfect Man
Mike O'Malley,Deep Impact
Mike O'Malley,Meet Dave
Paul Scheer,The Disaster Artist
Paul Scheer,Daddy's Home
Paul Scheer,Long Shot
Paul Scheer,Piranha 3D
Paul Scheer,Bride Wars
Paul Scheer,Piranha 3DD
Paul Scheer,Year One
Paul Scheer,Summer '03
Jason Mantzoukas,The Dictator
Jason Mantzoukas,John Wick: Chapter 3 - Parabellum
Jason Mantzoukas,The Lego Batman Movie
Jason Mantzoukas,Dirty Grandpa
Jason Mantzoukas,How to Be Single
Jason Mantzoukas,The House
Jason Mantzoukas,The Disaster Artist
Jason Mantzoukas,Neighbors
Kirby Howell-Baptiste,Cruella
Kirby Howell-Baptiste,The Sandman
Kirby Howell-Baptiste,A Dog's Purpose
Kirby Howell-Baptiste,Mr. Harrigan's Phone
Kirby Howell-Baptiste,Queenpins
Kirby Howell-Baptiste,Killing Eve
Kirby Howell-Baptiste,Infinity Train
Kirby Howell-Baptiste,Silent Night
Maya Rudolph,Bridesmaids
Maya Rudolph,Big Hero 6
Maya Rudolph,Luca
Maya Rudolph,Idiocracy
Maya Rudolph,The Angry Birds Movie
Maya Rudolph,The Mitchells vs. the Machines
Maya Rudolph,The Emoji Movie
Maya Rudolph,Grown Ups
Josh Siegal,The Good Place
Josh Siegal,Monk
Josh Siegal,30 Rock
Josh Siegal,Unbreakable Kimmy Schmidt
Josh Siegal,Kickin' It Old Skool
Tiya Sircar,Friends with Benefits
Tiya Sircar,The Internship
Tiya Sircar,17 Again
Tiya Sircar,Good Sam
Tiya Sircar,Star Wars Rebels
Tiya Sircar,Walking with Dinosaurs
Tiya Sircar,Hotel for Dogs
Tiya Sircar,Star Wars Rebels: Spark of Rebellion
Marc Evan Jackson,Kong: Skull Island
Marc Evan Jackson,Jumanji: Welcome to the Jungle
Marc Evan Jackson,22 Jump Street
Marc Evan Jackson,We Bare Bears: The Movie
Marc Evan Jackson,Transformers: Revenge of the Fallen
Marc Evan Jackson,The Kings of Summer
Marc Evan Jackson,Bombshell
Marc Evan Jackson,Can You Ever Forgive Me?
D'Arcy Carden,The Good Place
D'Arcy Carden,Bombshell
D'Arcy Carden,Let It Snow
D'Arcy Carden,Barry
D'Arcy Carden,Shotgun Wedding
D'Arcy Carden,The To Do List
D'Arcy Carden,A League of Their Own
D'Arcy Carden,Ride the Eagle
Manny Jacinto,Top Gun: Maverick
Manny Jacinto,The Good Place
Manny Jacinto,Bad Times at the El Royale
Manny Jacinto,Mortal Kombat Legends: Snow Blind
Manny Jacinto,I Want You Back
Manny Jacinto,Nine Perfect Strangers
Manny Jacinto,Brand New Cherry Flavor
Manny Jacinto,Even Lambs Have Teeth
Jameela Jamil,Jurassic World: Camp Cretaceous
Jameela Jamil,She-Hulk: Attorney at Law
Jameela Jamil,The Good Place
Jameela Jamil,DC League of Super-Pets
Jameela Jamil,Marry Me
Jameela Jamil,Legendary
Jameela Jamil,The Misery Index
Jameela Jamil,How to Build a Girl
William Jackson Harper,Midsommar
William Jackson Harper,The Good Place
William Jackson Harper,Paterson
William Jackson Harper,Dark Waters
William Jackson Harper,True Story
William Jackson Harper,Love Life
William Jackson Harper,Death to 2021
William Jackson Harper,The Resort
Ted Danson,Saving Private Ryan
Ted Danson,CSI: Crime Scene Investigation
Ted Danson,The Good Place
Ted Danson,Cheers
Ted Danson,Fargo
Ted Danson,3 Men and a Baby
Ted Danson,Ted
Ted Danson,The One I Love
John Hartman,Booksmart
John Hartman,Scorpion
John Hartman,Young Sheldon
John Hartman,The Good Place
John Hartman,2 Broke Girls
John Hartman,Modern Family
John Hartman,Curb Your Enthusiasm
John Hartman,Ghosts
